{
  "mae": 1.3093541735102587,
  "rmse": 2.103347593021771,
  "r2": -0.05900459616730602,
  "directional_accuracy": 0.532
}